author,filename,timestamp
"""ivan-mischenko""","""company/utils.py""","""2023-06-08T06:57:25Z"""
"""ivan-mischenko""","""lms/static/js/course_add_copy_certificate_button_excelerate_v3.js""","""2023-06-08T06:57:25Z"""
"""ivan-mischenko""","""company/migrations/0023_auto_20230606_1103.py""","""2023-06-08T06:57:25Z"""
"""ivan-mischenko""","""course/migrations/0011_auto_20230606_1103.py""","""2023-06-08T06:57:25Z"""
"""ivan-mischenko""","""lms/static/js/course_add_get_certificate_button_excelerate_v3.js""","""2023-06-08T06:57:25Z"""
"""ivan-mischenko""","""course/types.py""","""2023-06-08T06:57:25Z"""
"""ivan-mischenko""","""company/models.py""","""2023-06-08T06:57:25Z"""
"""ivan-mischenko""","""company/tasks.py""","""2023-06-08T06:57:25Z"""
"""ivan-mischenko""","""company/utils.py""","""2023-06-14T07:00:04Z"""
"""ivan-mischenko""","""company/utils.py""","""2023-06-14T07:06:40Z"""
"""ivan-mischenko""","""company/tasks.py""","""2023-06-15T07:50:44Z"""
"""ivan-mischenko""","""company/tasks.py""","""2023-06-15T08:36:54Z"""
"""ivan-mischenko""","""company/tasks.py""","""2023-06-15T11:05:17Z"""
"""ivan-mischenko""","""""","""2023-06-15T11:12:27Z"""
"""ivan-mischenko""","""company/utils.py""","""2023-06-28T11:13:59Z"""
"""ivan-mischenko""","""company/utils.py""","""2023-06-28T11:13:59Z"""
"""ivan-mischenko""","""course/templates/select_course_version.html""","""2023-06-28T11:13:59Z"""
"""ivan-mischenko""","""course/templates/select_course_version.html""","""2023-06-28T11:13:59Z"""
"""ivan-mischenko""","""course/templates/select_course_version.html""","""2023-06-28T11:13:59Z"""
"""ivan-mischenko""","""course/templates/select_course_version.html""","""2023-06-28T11:13:59Z"""
"""ivan-mischenko""","""company/utils.py""","""2023-06-28T11:13:59Z"""
"""ivan-mischenko""","""company/utils.py""","""2023-06-28T11:13:59Z"""
"""ivan-mischenko""","""course/templates/select_course_version.html""","""2023-06-30T10:14:29Z"""
"""ivan-mischenko""","""course/templates/select_course_version.html""","""2023-06-30T10:14:29Z"""
"""ivan-mischenko""","""course/templates/select_course_version.html""","""2023-06-30T10:14:29Z"""
"""ivan-mischenko""","""course/templates/select_course_version.html""","""2023-06-30T10:14:29Z"""
"""ivan-mischenko""","""company/utils.py""","""2023-06-30T13:43:12Z"""
"""ivan-mischenko""","""company/utils.py""","""2023-06-30T13:43:12Z"""
"""ivan-mischenko""","""company/utils.py""","""2023-06-30T13:43:12Z"""
"""ivan-mischenko""","""company/utils.py""","""2023-06-30T13:43:12Z"""
"""ivan-mischenko""","""company/utils.py""","""2023-07-03T07:08:42Z"""
"""ivan-mischenko""","""company/utils.py""","""2023-07-03T07:08:42Z"""
"""ivan-mischenko""","""company/utils.py""","""2023-07-03T07:08:42Z"""
"""ivan-mischenko""","""company/utils.py""","""2023-07-03T07:08:42Z"""
"""ivan-mischenko""","""course/views.py""","""2023-07-03T11:21:40Z"""
"""ivan-mischenko""","""course/views.py""","""2023-07-03T11:21:40Z"""
"""ivan-mischenko""","""course/views.py""","""2023-07-03T11:21:40Z"""
"""ivan-mischenko""","""course/views.py""","""2023-07-03T11:21:40Z"""
"""ivan-mischenko""","""company/forms.py""","""2023-07-04T08:13:54Z"""
"""ivan-mischenko""","""lms/locale/sk/LC_MESSAGES/django.po""","""2023-07-04T08:13:54Z"""
"""ivan-mischenko""","""company/admin.py""","""2023-07-04T08:13:54Z"""
"""ivan-mischenko""","""lms/locale/vi/LC_MESSAGES/djangojs.mo""","""2023-07-04T08:13:54Z"""
"""ivan-mischenko""","""company/migrations/0024_merge_0020_auto_20230406_0802_0023_auto_20230606_1103.py""","""2023-07-04T08:13:54Z"""
"""ivan-mischenko""","""lms/locale/es/LC_MESSAGES/django.po""","""2023-07-04T08:13:54Z"""
"""ivan-mischenko""","""lms/locale/ru/LC_MESSAGES/djangojs.mo""","""2023-07-04T08:13:54Z"""
"""ivan-mischenko""","""lms/locale/sl/LC_MESSAGES/django.mo""","""2023-07-04T08:13:54Z"""
"""ivan-mischenko""","""lms/locale/hi/LC_MESSAGES/django.po""","""2023-07-04T08:13:54Z"""
"""ivan-mischenko""","""lms/locale/es/LC_MESSAGES/djangojs.mo""","""2023-07-04T08:13:54Z"""
"""ivan-mischenko""","""lms/locale/it/LC_MESSAGES/djangojs.mo""","""2023-07-04T08:13:54Z"""
"""ivan-mischenko""","""lms/locale/uk/LC_MESSAGES/django.po""","""2023-07-04T08:13:54Z"""
"""ivan-mischenko""","""lms/locale/da/LC_MESSAGES/django.mo""","""2023-07-04T08:13:54Z"""
"""ivan-mischenko""","""lms/locale/uk/LC_MESSAGES/django.po""","""2023-07-04T08:13:54Z"""
"""ivan-mischenko""","""lms/locale/el/LC_MESSAGES/djangojs.mo""","""2023-07-04T08:13:54Z"""
"""ivan-mischenko""","""lms/locale/id/LC_MESSAGES/django.mo""","""2023-07-04T08:13:54Z"""
"""ivan-mischenko""","""lms/locale/el/LC_MESSAGES/django.mo""","""2023-07-04T08:13:54Z"""
"""ivan-mischenko""","""lms/locale/da/LC_MESSAGES/djangojs.mo""","""2023-07-04T08:13:54Z"""
"""ivan-mischenko""","""lms/locale/da/LC_MESSAGES/django.po""","""2023-07-04T08:13:54Z"""
"""ivan-mischenko""","""lms/locale/vi/LC_MESSAGES/django.mo""","""2023-07-04T08:13:54Z"""
"""ivan-mischenko""","""lms/locale/ja/LC_MESSAGES/django.po""","""2023-07-04T08:13:54Z"""
"""ivan-mischenko""","""lms/locale/tr/LC_MESSAGES/django.mo""","""2023-07-04T08:13:54Z"""
"""ivan-mischenko""","""lms/locale/nl/LC_MESSAGES/django.mo""","""2023-07-04T08:13:54Z"""
"""ivan-mischenko""","""lms/locale/hr/LC_MESSAGES/djangojs.mo""","""2023-07-04T08:13:54Z"""
"""ivan-mischenko""","""lms/locale/ko/LC_MESSAGES/django.mo""","""2023-07-04T08:13:54Z"""
"""ivan-mischenko""","""lms/locale/hu/LC_MESSAGES/djangojs.mo""","""2023-07-04T08:13:54Z"""
"""ivan-mischenko""","""lms/locale/hr/LC_MESSAGES/django.mo""","""2023-07-04T08:13:54Z"""
"""ivan-mischenko""","""lms/locale/uk/LC_MESSAGES/djangojs.mo""","""2023-07-04T08:13:54Z"""
"""ivan-mischenko""","""lms/locale/bs/LC_MESSAGES/django.po""","""2023-07-04T08:13:54Z"""
"""ivan-mischenko""","""lms/locale/sv/LC_MESSAGES/djangojs.mo""","""2023-07-04T08:13:54Z"""
"""ivan-mischenko""","""lms/locale/cs/LC_MESSAGES/django.mo""","""2023-07-04T08:13:54Z"""
"""ivan-mischenko""","""lms/locale/nl/LC_MESSAGES/django.mo""","""2023-07-04T08:13:54Z"""
"""ivan-mischenko""","""company/utils.py""","""2023-07-04T08:13:54Z"""
"""ivan-mischenko""","""lms/locale/et/LC_MESSAGES/django.mo""","""2023-07-04T08:13:54Z"""
"""ivan-mischenko""","""lms/static/js/validate_form_field_settings.js""","""2023-07-04T08:13:54Z"""
"""ivan-mischenko""","""lms/locale/en/LC_MESSAGES/django.po""","""2023-07-04T08:13:54Z"""
"""ivan-mischenko""","""lms/locale/ar/LC_MESSAGES/djangojs.mo""","""2023-07-04T08:13:54Z"""
"""ivan-mischenko""","""lms/locale/zh-CN/LC_MESSAGES/django.mo""","""2023-07-04T08:13:54Z"""
"""ivan-mischenko""","""lms/locale/en/LC_MESSAGES/django.mo""","""2023-07-04T08:13:54Z"""
"""ivan-mischenko""","""lms/locale/hr/LC_MESSAGES/djangojs.mo""","""2023-07-04T08:13:54Z"""
"""ivan-mischenko""","""lms/locale/zh-CN/LC_MESSAGES/django.po""","""2023-07-04T08:13:54Z"""
"""ivan-mischenko""","""lms/locale/bg/LC_MESSAGES/djangojs.mo""","""2023-07-04T08:13:54Z"""
"""ivan-mischenko""","""reporting/templates/reporting_base.html""","""2023-07-04T08:13:54Z"""
"""ivan-mischenko""","""lms/locale/ja/LC_MESSAGES/django.mo""","""2023-07-04T08:13:54Z"""
"""ivan-mischenko""","""lms/locale/ru/LC_MESSAGES/djangojs.mo""","""2023-07-04T08:13:54Z"""
"""ivan-mischenko""","""reporting/templates/coursecode_detail.html""","""2023-07-04T08:13:54Z"""
"""ivan-mischenko""","""lms/locale/zh-CN/LC_MESSAGES/djangojs.mo""","""2023-07-04T08:13:54Z"""
"""ivan-mischenko""","""lms/locale/fi/LC_MESSAGES/djangojs.mo""","""2023-07-04T08:13:54Z"""
"""ivan-mischenko""","""lms/locale/pl/LC_MESSAGES/djangojs.mo""","""2023-07-04T08:13:54Z"""
"""ivan-mischenko""","""lms/locale/uk/LC_MESSAGES/django.mo""","""2023-07-04T08:13:54Z"""
"""ivan-mischenko""","""lms/locale/zh/LC_MESSAGES/django.mo""","""2023-07-04T08:13:54Z"""
"""ivan-mischenko""","""lms/locale/sl/LC_MESSAGES/djangojs.mo""","""2023-07-04T08:13:54Z"""
"""ivan-mischenko""","""lms/locale/hr/LC_MESSAGES/django.mo""","""2023-07-04T08:13:54Z"""
"""ivan-mischenko""","""lms/locale/ro/LC_MESSAGES/django.mo""","""2023-07-04T08:13:54Z"""
"""ivan-mischenko""","""company/models.py""","""2023-07-04T08:13:54Z"""
"""ivan-mischenko""","""lms/locale/hu/LC_MESSAGES/django.mo""","""2023-07-04T08:13:54Z"""
"""ivan-mischenko""","""lms/locale/ro/LC_MESSAGES/django.po""","""2023-07-04T08:13:54Z"""
"""ivan-mischenko""","""lms/locale/pl/LC_MESSAGES/django.mo""","""2023-07-04T08:13:54Z"""
"""ivan-mischenko""","""reporting/templates/sync_employees_modal.html""","""2023-07-04T08:13:54Z"""
"""ivan-mischenko""","""lms/locale/da/LC_MESSAGES/django.mo""","""2023-07-04T08:13:54Z"""
"""ivan-mischenko""","""lms/locale/sv/LC_MESSAGES/django.po""","""2023-07-04T08:13:54Z"""
"""ivan-mischenko""","""lms/locale/de/LC_MESSAGES/django.po""","""2023-07-04T08:13:54Z"""
"""ivan-mischenko""","""lms/locale/sk/LC_MESSAGES/djangojs.mo""","""2023-07-04T08:13:54Z"""
"""ivan-mischenko""","""lms/locale/fr/LC_MESSAGES/django.po""","""2023-07-04T08:13:54Z"""
"""ivan-mischenko""","""lms/locale/th/LC_MESSAGES/django.mo""","""2023-07-04T08:13:54Z"""
"""ivan-mischenko""","""company/forms.py""","""2023-07-04T08:13:54Z"""
"""ivan-mischenko""","""lms/locale/fr/LC_MESSAGES/django.mo""","""2023-07-04T08:13:54Z"""
"""ivan-mischenko""","""lms/static/js/validate_form_field_settings.js""","""2023-07-04T08:13:54Z"""
"""ivan-mischenko""","""lms/locale/pt/LC_MESSAGES/django.mo""","""2023-07-04T08:13:54Z"""
"""ivan-mischenko""","""lms/locale/sv/LC_MESSAGES/django.mo""","""2023-07-04T08:13:54Z"""
"""ivan-mischenko""","""lms/locale/ar-ae/LC_MESSAGES/django.po""","""2023-07-04T08:13:54Z"""
"""ivan-mischenko""","""lms/locale/cs/LC_MESSAGES/djangojs.mo""","""2023-07-04T08:13:54Z"""
"""ivan-mischenko""","""reporting/templates/reporting_base.html""","""2023-07-04T08:13:54Z"""
"""ivan-mischenko""","""reporting/views.py""","""2023-07-04T08:13:54Z"""
"""ivan-mischenko""","""lms/locale/et/LC_MESSAGES/djangojs.mo""","""2023-07-04T08:13:54Z"""
"""ivan-mischenko""","""lms/locale/th/LC_MESSAGES/djangojs.mo""","""2023-07-04T08:13:54Z"""
"""ivan-mischenko""","""lms/locale/zh/LC_MESSAGES/djangojs.mo""","""2023-07-04T08:13:54Z"""
"""ivan-mischenko""","""lms/locale/lt/LC_MESSAGES/django.mo""","""2023-07-04T08:13:54Z"""
"""ivan-mischenko""","""lms/locale/uk/LC_MESSAGES/djangojs.mo""","""2023-07-04T08:13:54Z"""
"""ivan-mischenko""","""lms/locale/id/LC_MESSAGES/djangojs.mo""","""2023-07-04T08:13:54Z"""
"""ivan-mischenko""","""lms/locale/ru/LC_MESSAGES/django.mo""","""2023-07-04T08:13:54Z"""
"""ivan-mischenko""","""reporting/templates/import_employees_info_modal.html""","""2023-07-04T08:13:54Z"""
"""ivan-mischenko""","""lms/locale/sk/LC_MESSAGES/djangojs.mo""","""2023-07-04T08:13:54Z"""
"""ivan-mischenko""","""lms/locale/ko/LC_MESSAGES/djangojs.mo""","""2023-07-04T08:13:54Z"""
"""ivan-mischenko""","""lms/locale/sk/LC_MESSAGES/django.mo""","""2023-07-04T08:13:54Z"""
"""ivan-mischenko""","""lms/locale/it/LC_MESSAGES/djangojs.mo""","""2023-07-04T08:13:54Z"""
"""ivan-mischenko""","""lms/locale/ar/LC_MESSAGES/djangojs.mo""","""2023-07-04T08:13:54Z"""
"""ivan-mischenko""","""lms/locale/id/LC_MESSAGES/djangojs.po""","""2023-07-04T08:13:54Z"""
"""ivan-mischenko""","""lms/locale/fi/LC_MESSAGES/django.po""","""2023-07-04T08:13:54Z"""
"""ivan-mischenko""","""apis/views.py""","""2023-07-04T08:13:54Z"""
"""ivan-mischenko""","""company/tasks.py""","""2023-07-04T08:13:54Z"""
"""ivan-mischenko""","""lms/locale/nl/LC_MESSAGES/djangojs.mo""","""2023-07-04T08:13:54Z"""
"""ivan-mischenko""","""lms/locale/et/LC_MESSAGES/djangojs.mo""","""2023-07-04T08:13:54Z"""
"""ivan-mischenko""","""company/migrations/0025_formfieldsetting__is_used_for_sync.py""","""2023-07-04T08:13:54Z"""
"""ivan-mischenko""","""lms/locale/da/LC_MESSAGES/djangojs.mo""","""2023-07-04T08:13:54Z"""
"""ivan-mischenko""","""lms/locale/fi/LC_MESSAGES/djangojs.mo""","""2023-07-04T08:13:54Z"""
"""ivan-mischenko""","""lms/locale/ro/LC_MESSAGES/django.mo""","""2023-07-04T08:13:54Z"""
"""ivan-mischenko""","""reporting/templates/coursecode_sync_detail.html""","""2023-07-04T08:13:54Z"""
"""ivan-mischenko""","""lms/locale/vi/LC_MESSAGES/django.po""","""2023-07-04T08:13:54Z"""
"""ivan-mischenko""","""lms/locale/zh/LC_MESSAGES/djangojs.mo""","""2023-07-04T08:13:54Z"""
"""ivan-mischenko""","""lms/locale/es/LC_MESSAGES/django.po""","""2023-07-04T08:13:54Z"""
"""ivan-mischenko""","""lms/locale/tr/LC_MESSAGES/django.po""","""2023-07-04T08:13:54Z"""
"""ivan-mischenko""","""lms/locale/es/LC_MESSAGES/django.mo""","""2023-07-04T08:13:54Z"""
"""ivan-mischenko""","""reporting/templates/coursecode_sync_detail.html""","""2023-07-04T08:13:54Z"""
"""ivan-mischenko""","""lms/locale/es/LC_MESSAGES/django.mo""","""2023-07-04T08:13:54Z"""
"""ivan-mischenko""","""lms/locale/bs/LC_MESSAGES/django.mo""","""2023-07-04T08:13:54Z"""
"""ivan-mischenko""","""lms/locale/ko/LC_MESSAGES/django.po""","""2023-07-04T08:13:54Z"""
"""ivan-mischenko""","""lms/locale/et/LC_MESSAGES/django.mo""","""2023-07-04T08:13:54Z"""
"""ivan-mischenko""","""lms/locale/ro/LC_MESSAGES/django.po""","""2023-07-04T08:13:54Z"""
"""ivan-mischenko""","""lms/locale/id/LC_MESSAGES/django.mo""","""2023-07-04T08:13:54Z"""
"""ivan-mischenko""","""company/tasks.py""","""2023-07-04T08:13:54Z"""
"""ivan-mischenko""","""lms/locale/hu/LC_MESSAGES/django.mo""","""2023-07-04T08:13:54Z"""
"""ivan-mischenko""","""lms/locale/it/LC_MESSAGES/django.po""","""2023-07-04T08:13:54Z"""
"""ivan-mischenko""","""lms/locale/ar/LC_MESSAGES/django.po""","""2023-07-04T08:13:54Z"""
"""ivan-mischenko""","""reporting/views.py""","""2023-07-04T08:13:54Z"""
"""ivan-mischenko""","""lms/locale/pl/LC_MESSAGES/django.po""","""2023-07-04T08:13:54Z"""
"""ivan-mischenko""","""reporting/templates/import_stepper_form.html""","""2023-07-04T08:13:54Z"""
"""ivan-mischenko""","""lms/locale/hi/LC_MESSAGES/django.mo""","""2023-07-04T08:13:54Z"""
"""ivan-mischenko""","""lms/locale/lt/LC_MESSAGES/django.mo""","""2023-07-04T08:13:54Z"""
"""ivan-mischenko""","""lms/locale/tr/LC_MESSAGES/django.po""","""2023-07-04T08:13:54Z"""
"""ivan-mischenko""","""company/migrations/0020_auto_20230406_0802.py""","""2023-07-04T08:13:54Z"""
"""ivan-mischenko""","""lms/locale/de/LC_MESSAGES/djangojs.mo""","""2023-07-04T08:13:54Z"""
"""ivan-mischenko""","""lms/locale/sl/LC_MESSAGES/django.po""","""2023-07-04T08:13:54Z"""
"""ivan-mischenko""","""lms/locale/zh/LC_MESSAGES/django.po""","""2023-07-04T08:13:54Z"""
"""ivan-mischenko""","""lms/locale/pl/LC_MESSAGES/django.mo""","""2023-07-04T08:13:54Z"""
"""ivan-mischenko""","""lms/locale/ar-ae/LC_MESSAGES/djangojs.mo""","""2023-07-04T08:13:54Z"""
"""ivan-mischenko""","""lms/locale/sk/LC_MESSAGES/django.po""","""2023-07-04T08:13:54Z"""
"""ivan-mischenko""","""lms/locale/hr/LC_MESSAGES/django.po""","""2023-07-04T08:13:54Z"""
"""ivan-mischenko""","""lms/locale/de/LC_MESSAGES/django.mo""","""2023-07-04T08:13:54Z"""
"""ivan-mischenko""","""lms/locale/de/LC_MESSAGES/djangojs.mo""","""2023-07-04T08:13:54Z"""
"""ivan-mischenko""","""lms/locale/th/LC_MESSAGES/django.po""","""2023-07-04T08:13:54Z"""
"""ivan-mischenko""","""lms/locale/lt/LC_MESSAGES/django.po""","""2023-07-04T08:13:54Z"""
"""ivan-mischenko""","""lms/locale/bs/LC_MESSAGES/djangojs.mo""","""2023-07-04T08:13:54Z"""
"""ivan-mischenko""","""lms/locale/hu/LC_MESSAGES/django.po""","""2023-07-04T08:13:54Z"""
"""ivan-mischenko""","""lms/locale/zh-CN/LC_MESSAGES/djangojs.mo""","""2023-07-04T08:13:54Z"""
"""ivan-mischenko""","""company/migrations/0020_auto_20230406_0802.py""","""2023-07-04T08:13:54Z"""
"""ivan-mischenko""","""lms/locale/pt/LC_MESSAGES/djangojs.mo""","""2023-07-04T08:13:54Z"""
"""ivan-mischenko""","""lms/locale/et/LC_MESSAGES/django.po""","""2023-07-04T08:13:54Z"""
"""ivan-mischenko""","""lms/locale/fi/LC_MESSAGES/django.po""","""2023-07-04T08:13:54Z"""
"""ivan-mischenko""","""lms/locale/ro/LC_MESSAGES/djangojs.mo""","""2023-07-04T08:13:54Z"""
"""ivan-mischenko""","""lms/locale/en/LC_MESSAGES/djangojs.mo""","""2023-07-04T08:13:54Z"""
"""ivan-mischenko""","""lms/locale/hu/LC_MESSAGES/djangojs.mo""","""2023-07-04T08:13:54Z"""
"""ivan-mischenko""","""lms/locale/hi/LC_MESSAGES/djangojs.mo""","""2023-07-04T08:13:54Z"""
"""ivan-mischenko""","""lms/locale/cs/LC_MESSAGES/django.mo""","""2023-07-04T08:13:54Z"""
"""ivan-mischenko""","""lms/locale/ar-ae/LC_MESSAGES/django.mo""","""2023-07-04T08:13:54Z"""
"""ivan-mischenko""","""lms/locale/id/LC_MESSAGES/django.po""","""2023-07-04T08:13:54Z"""
"""ivan-mischenko""","""lms/locale/ar/LC_MESSAGES/django.mo""","""2023-07-04T08:13:54Z"""
"""ivan-mischenko""","""lms/locale/de/LC_MESSAGES/django.mo""","""2023-07-04T08:13:54Z"""
"""ivan-mischenko""","""lms/locale/sv/LC_MESSAGES/djangojs.mo""","""2023-07-04T08:13:54Z"""
"""ivan-mischenko""","""lms/locale/bs/LC_MESSAGES/djangojs.mo""","""2023-07-04T08:13:54Z"""
"""ivan-mischenko""","""lms/locale/zh/LC_MESSAGES/django.po""","""2023-07-04T08:13:54Z"""
"""ivan-mischenko""","""lms/locale/fr/LC_MESSAGES/django.mo""","""2023-07-04T08:13:54Z"""
"""ivan-mischenko""","""lms/locale/ja/LC_MESSAGES/djangojs.mo""","""2023-07-04T08:13:54Z"""
"""ivan-mischenko""","""reporting/templates/sync_employees_modal.html""","""2023-07-04T08:13:54Z"""
"""ivan-mischenko""","""lms/locale/fr/LC_MESSAGES/djangojs.mo""","""2023-07-04T08:13:54Z"""
"""ivan-mischenko""","""lms/locale/zh/LC_MESSAGES/django.mo""","""2023-07-04T08:13:54Z"""
"""ivan-mischenko""","""lms/locale/ja/LC_MESSAGES/django.mo""","""2023-07-04T08:13:54Z"""
"""ivan-mischenko""","""lms/locale/es/LC_MESSAGES/djangojs.mo""","""2023-07-04T08:13:54Z"""
"""ivan-mischenko""","""lms/locale/ar-ae/LC_MESSAGES/django.po""","""2023-07-04T08:13:54Z"""
"""ivan-mischenko""","""lms/locale/id/LC_MESSAGES/djangojs.po""","""2023-07-04T08:13:54Z"""
"""ivan-mischenko""","""lms/locale/fi/LC_MESSAGES/django.mo""","""2023-07-04T08:13:54Z"""
"""ivan-mischenko""","""lms/locale/ja/LC_MESSAGES/djangojs.mo""","""2023-07-04T08:13:54Z"""
"""ivan-mischenko""","""lms/locale/ko/LC_MESSAGES/django.mo""","""2023-07-04T08:13:54Z"""
"""ivan-mischenko""","""lms/locale/bs/LC_MESSAGES/django.po""","""2023-07-04T08:13:54Z"""
"""ivan-mischenko""","""lms/locale/et/LC_MESSAGES/django.po""","""2023-07-04T08:13:54Z"""
"""ivan-mischenko""","""lms/locale/pt/LC_MESSAGES/django.po""","""2023-07-04T08:13:54Z"""
"""ivan-mischenko""","""lms/locale/nl/LC_MESSAGES/django.po""","""2023-07-04T08:13:54Z"""
"""ivan-mischenko""","""lms/locale/sl/LC_MESSAGES/django.mo""","""2023-07-04T08:13:54Z"""
"""ivan-mischenko""","""lms/locale/tr/LC_MESSAGES/djangojs.mo""","""2023-07-04T08:13:54Z"""
"""ivan-mischenko""","""lms/locale/vi/LC_MESSAGES/django.mo""","""2023-07-04T08:13:54Z"""
"""ivan-mischenko""","""lms/locale/ko/LC_MESSAGES/djangojs.mo""","""2023-07-04T08:13:54Z"""
"""ivan-mischenko""","""lms/locale/bg/LC_MESSAGES/djangojs.mo""","""2023-07-04T08:13:54Z"""
"""ivan-mischenko""","""apis/views.py""","""2023-07-04T08:13:54Z"""
"""ivan-mischenko""","""company/admin.py""","""2023-07-04T08:13:54Z"""
"""ivan-mischenko""","""lms/locale/lt/LC_MESSAGES/djangojs.mo""","""2023-07-04T08:13:54Z"""
"""ivan-mischenko""","""company/migrations/0024_merge_0020_auto_20230406_0802_0023_auto_20230606_1103.py""","""2023-07-04T08:13:54Z"""
"""ivan-mischenko""","""lms/locale/ar-ae/LC_MESSAGES/django.mo""","""2023-07-04T08:13:54Z"""
"""ivan-mischenko""","""lms/locale/pl/LC_MESSAGES/djangojs.mo""","""2023-07-04T08:13:54Z"""
"""ivan-mischenko""","""lms/locale/bs/LC_MESSAGES/django.mo""","""2023-07-04T08:13:54Z"""
"""ivan-mischenko""","""reporting/templates/sync_stepper_form.html""","""2023-07-04T08:13:54Z"""
"""ivan-mischenko""","""company/models.py""","""2023-07-04T08:13:54Z"""
"""ivan-mischenko""","""lms/locale/ar/LC_MESSAGES/django.mo""","""2023-07-04T08:13:54Z"""
"""ivan-mischenko""","""lms/locale/id/LC_MESSAGES/djangojs.mo""","""2023-07-04T08:13:54Z"""
"""ivan-mischenko""","""lms/locale/hu/LC_MESSAGES/django.po""","""2023-07-04T08:13:54Z"""
"""ivan-mischenko""","""reporting/urls.py""","""2023-07-04T08:13:54Z"""
"""ivan-mischenko""","""lms/locale/vi/LC_MESSAGES/django.po""","""2023-07-04T08:13:54Z"""
"""ivan-mischenko""","""lms/locale/fr/LC_MESSAGES/django.po""","""2023-07-04T08:13:54Z"""
"""ivan-mischenko""","""lms/locale/de/LC_MESSAGES/django.po""","""2023-07-04T08:13:54Z"""
"""ivan-mischenko""","""lms/locale/zh-CN/LC_MESSAGES/django.mo""","""2023-07-04T08:13:54Z"""
"""ivan-mischenko""","""lms/locale/hi/LC_MESSAGES/djangojs.mo""","""2023-07-04T08:13:54Z"""
"""ivan-mischenko""","""reporting/templates/coursecode_detail.html""","""2023-07-04T08:13:54Z"""
"""ivan-mischenko""","""lms/locale/bg/LC_MESSAGES/django.mo""","""2023-07-04T08:13:54Z"""
"""ivan-mischenko""","""lms/locale/id/LC_MESSAGES/django.po""","""2023-07-04T08:13:54Z"""
"""ivan-mischenko""","""lms/locale/sl/LC_MESSAGES/django.po""","""2023-07-04T08:13:54Z"""
"""ivan-mischenko""","""lms/locale/lt/LC_MESSAGES/djangojs.mo""","""2023-07-04T08:13:54Z"""
"""ivan-mischenko""","""lms/locale/ar/LC_MESSAGES/django.po""","""2023-07-04T08:13:54Z"""
"""ivan-mischenko""","""lms/locale/ko/LC_MESSAGES/django.po""","""2023-07-04T08:13:54Z"""
"""ivan-mischenko""","""reporting/templates/import_employees_info_modal.html""","""2023-07-04T08:13:54Z"""
"""ivan-mischenko""","""lms/locale/pt/LC_MESSAGES/django.po""","""2023-07-04T08:13:54Z"""
"""ivan-mischenko""","""lms/locale/el/LC_MESSAGES/django.po""","""2023-07-04T08:13:54Z"""
"""ivan-mischenko""","""lms/locale/bg/LC_MESSAGES/django.po""","""2023-07-04T08:13:54Z"""
"""ivan-mischenko""","""apis/urls.py""","""2023-07-04T08:13:54Z"""
"""ivan-mischenko""","""lms/locale/nl/LC_MESSAGES/djangojs.mo""","""2023-07-04T08:13:54Z"""
"""ivan-mischenko""","""lms/locale/el/LC_MESSAGES/django.mo""","""2023-07-04T08:13:54Z"""
"""ivan-mischenko""","""lms/locale/hr/LC_MESSAGES/django.po""","""2023-07-04T08:13:54Z"""
"""ivan-mischenko""","""lms/locale/sv/LC_MESSAGES/django.mo""","""2023-07-04T08:13:54Z"""
"""ivan-mischenko""","""lms/locale/th/LC_MESSAGES/django.po""","""2023-07-04T08:13:54Z"""
"""ivan-mischenko""","""lms/locale/th/LC_MESSAGES/django.mo""","""2023-07-04T08:13:54Z"""
"""ivan-mischenko""","""lms/locale/hi/LC_MESSAGES/django.po""","""2023-07-04T08:13:54Z"""
"""ivan-mischenko""","""lms/locale/ar-ae/LC_MESSAGES/djangojs.mo""","""2023-07-04T08:13:54Z"""
"""ivan-mischenko""","""lms/locale/ro/LC_MESSAGES/djangojs.mo""","""2023-07-04T08:13:54Z"""
"""ivan-mischenko""","""lms/locale/ru/LC_MESSAGES/django.po""","""2023-07-04T08:13:54Z"""
"""ivan-mischenko""","""lms/locale/tr/LC_MESSAGES/django.mo""","""2023-07-04T08:13:54Z"""
"""ivan-mischenko""","""lms/locale/cs/LC_MESSAGES/django.po""","""2023-07-04T08:13:54Z"""
"""ivan-mischenko""","""lms/locale/lt/LC_MESSAGES/django.po""","""2023-07-04T08:13:54Z"""
"""ivan-mischenko""","""lms/locale/th/LC_MESSAGES/djangojs.mo""","""2023-07-04T08:13:54Z"""
"""ivan-mischenko""","""lms/locale/tr/LC_MESSAGES/djangojs.mo""","""2023-07-04T08:13:54Z"""
"""ivan-mischenko""","""lms/locale/fi/LC_MESSAGES/django.mo""","""2023-07-04T08:13:54Z"""
"""ivan-mischenko""","""lms/locale/sv/LC_MESSAGES/django.po""","""2023-07-04T08:13:54Z"""
"""ivan-mischenko""","""lms/locale/bg/LC_MESSAGES/django.po""","""2023-07-04T08:13:54Z"""
"""ivan-mischenko""","""company/migrations/0025_formfieldsetting__is_used_for_sync.py""","""2023-07-04T08:13:54Z"""
"""ivan-mischenko""","""lms/locale/cs/LC_MESSAGES/djangojs.mo""","""2023-07-04T08:13:54Z"""
"""ivan-mischenko""","""lms/locale/en/LC_MESSAGES/django.po""","""2023-07-04T08:13:54Z"""
"""ivan-mischenko""","""lms/locale/da/LC_MESSAGES/django.po""","""2023-07-04T08:13:54Z"""
"""ivan-mischenko""","""apis/urls.py""","""2023-07-04T08:13:54Z"""
"""ivan-mischenko""","""lms/locale/en/LC_MESSAGES/djangojs.mo""","""2023-07-04T08:13:54Z"""
"""ivan-mischenko""","""lms/locale/it/LC_MESSAGES/django.mo""","""2023-07-04T08:13:54Z"""
"""ivan-mischenko""","""lms/locale/sl/LC_MESSAGES/djangojs.mo""","""2023-07-04T08:13:54Z"""
"""ivan-mischenko""","""lms/locale/ru/LC_MESSAGES/django.po""","""2023-07-04T08:13:54Z"""
"""ivan-mischenko""","""reporting/templates/sync_stepper_form.html""","""2023-07-04T08:13:54Z"""
"""ivan-mischenko""","""reporting/templates/import_stepper_form.html""","""2023-07-04T08:13:54Z"""
"""ivan-mischenko""","""lms/locale/nl/LC_MESSAGES/django.po""","""2023-07-04T08:13:54Z"""
"""ivan-mischenko""","""lms/locale/pt/LC_MESSAGES/django.mo""","""2023-07-04T08:13:54Z"""
"""ivan-mischenko""","""lms/locale/hi/LC_MESSAGES/django.mo""","""2023-07-04T08:13:54Z"""
"""ivan-mischenko""","""lms/locale/ja/LC_MESSAGES/django.po""","""2023-07-04T08:13:54Z"""
"""ivan-mischenko""","""lms/locale/ru/LC_MESSAGES/django.mo""","""2023-07-04T08:13:54Z"""
"""ivan-mischenko""","""reporting/urls.py""","""2023-07-04T08:13:54Z"""
"""ivan-mischenko""","""company/utils.py""","""2023-07-04T08:13:54Z"""
"""ivan-mischenko""","""lms/locale/pl/LC_MESSAGES/django.po""","""2023-07-04T08:13:54Z"""
"""ivan-mischenko""","""lms/locale/it/LC_MESSAGES/django.mo""","""2023-07-04T08:13:54Z"""
"""ivan-mischenko""","""lms/locale/sk/LC_MESSAGES/django.mo""","""2023-07-04T08:13:54Z"""
"""ivan-mischenko""","""lms/locale/uk/LC_MESSAGES/django.mo""","""2023-07-04T08:13:54Z"""
"""ivan-mischenko""","""lms/locale/bg/LC_MESSAGES/django.mo""","""2023-07-04T08:13:54Z"""
"""ivan-mischenko""","""lms/locale/el/LC_MESSAGES/django.po""","""2023-07-04T08:13:54Z"""
"""ivan-mischenko""","""lms/locale/vi/LC_MESSAGES/djangojs.mo""","""2023-07-04T08:13:54Z"""
"""ivan-mischenko""","""lms/locale/it/LC_MESSAGES/django.po""","""2023-07-04T08:13:54Z"""
"""ivan-mischenko""","""lms/locale/cs/LC_MESSAGES/django.po""","""2023-07-04T08:13:54Z"""
"""ivan-mischenko""","""lms/locale/zh-CN/LC_MESSAGES/django.po""","""2023-07-04T08:13:54Z"""
"""ivan-mischenko""","""lms/locale/fr/LC_MESSAGES/djangojs.mo""","""2023-07-04T08:13:54Z"""
"""ivan-mischenko""","""lms/locale/el/LC_MESSAGES/djangojs.mo""","""2023-07-04T08:13:54Z"""
"""ivan-mischenko""","""lms/locale/en/LC_MESSAGES/django.mo""","""2023-07-04T08:13:54Z"""
"""ivan-mischenko""","""lms/locale/pt/LC_MESSAGES/djangojs.mo""","""2023-07-04T08:13:54Z"""
"""ivan-mischenko""","""lms/locale/en/LC_MESSAGES/django.po""","""2023-07-04T08:13:54Z"""
"""ivan-mischenko""","""lms/locale/ar/LC_MESSAGES/django.mo""","""2023-07-04T08:13:54Z"""
"""ivan-mischenko""","""lms/locale/sv/LC_MESSAGES/djangojs.mo""","""2023-07-04T08:13:54Z"""
"""ivan-mischenko""","""lms/locale/zh-CN/LC_MESSAGES/django.po""","""2023-07-04T08:13:54Z"""
"""ivan-mischenko""","""lms/locale/sv/LC_MESSAGES/django.mo""","""2023-07-04T08:13:54Z"""
"""ivan-mischenko""","""lms/locale/it/LC_MESSAGES/django.po""","""2023-07-04T08:13:54Z"""
"""ivan-mischenko""","""lms/locale/ru/LC_MESSAGES/djangojs.mo""","""2023-07-04T08:13:54Z"""
"""ivan-mischenko""","""lms/locale/hr/LC_MESSAGES/django.po""","""2023-07-04T08:13:54Z"""
"""ivan-mischenko""","""lms/locale/ar/LC_MESSAGES/djangojs.mo""","""2023-07-04T08:13:54Z"""
"""ivan-mischenko""","""lms/locale/vi/LC_MESSAGES/django.mo""","""2023-07-04T08:13:54Z"""
"""ivan-mischenko""","""lms/locale/th/LC_MESSAGES/djangojs.mo""","""2023-07-04T08:13:54Z"""
"""ivan-mischenko""","""lms/locale/ja/LC_MESSAGES/django.po""","""2023-07-04T08:13:54Z"""
"""ivan-mischenko""","""lms/locale/cs/LC_MESSAGES/djangojs.mo""","""2023-07-04T08:13:54Z"""
"""ivan-mischenko""","""lms/locale/sl/LC_MESSAGES/django.mo""","""2023-07-04T08:13:54Z"""
"""ivan-mischenko""","""lms/locale/lt/LC_MESSAGES/django.po""","""2023-07-04T08:13:54Z"""
"""ivan-mischenko""","""lms/locale/bs/LC_MESSAGES/django.po""","""2023-07-04T08:13:54Z"""
"""ivan-mischenko""","""lms/locale/bg/LC_MESSAGES/djangojs.mo""","""2023-07-04T08:13:54Z"""
"""ivan-mischenko""","""lms/locale/th/LC_MESSAGES/django.po""","""2023-07-04T08:13:54Z"""
"""ivan-mischenko""","""reporting/templates/sync_stepper_form.html""","""2023-07-04T08:13:54Z"""
"""ivan-mischenko""","""lms/locale/nl/LC_MESSAGES/djangojs.mo""","""2023-07-04T08:13:54Z"""
"""ivan-mischenko""","""lms/locale/es/LC_MESSAGES/django.mo""","""2023-07-04T08:13:54Z"""
"""ivan-mischenko""","""lms/locale/ko/LC_MESSAGES/django.mo""","""2023-07-04T08:13:54Z"""
"""ivan-mischenko""","""lms/locale/pt/LC_MESSAGES/django.po""","""2023-07-04T08:13:54Z"""
"""ivan-mischenko""","""lms/locale/tr/LC_MESSAGES/django.po""","""2023-07-04T08:13:54Z"""
"""ivan-mischenko""","""company/migrations/0025_formfieldsetting__is_used_for_sync.py""","""2023-07-04T08:13:54Z"""
"""ivan-mischenko""","""lms/locale/id/LC_MESSAGES/djangojs.po""","""2023-07-04T08:13:54Z"""
"""ivan-mischenko""","""lms/locale/hr/LC_MESSAGES/django.mo""","""2023-07-04T08:13:54Z"""
"""ivan-mischenko""","""lms/locale/et/LC_MESSAGES/django.mo""","""2023-07-04T08:13:54Z"""
"""ivan-mischenko""","""lms/locale/pl/LC_MESSAGES/djangojs.mo""","""2023-07-04T08:13:54Z"""
"""ivan-mischenko""","""lms/locale/ar/LC_MESSAGES/django.mo""","""2023-07-04T08:13:54Z"""
"""ivan-mischenko""","""lms/locale/ru/LC_MESSAGES/django.mo""","""2023-07-04T08:13:54Z"""
"""ivan-mischenko""","""lms/locale/el/LC_MESSAGES/djangojs.mo""","""2023-07-04T08:13:54Z"""
"""ivan-mischenko""","""lms/locale/el/LC_MESSAGES/djangojs.mo""","""2023-07-04T08:13:54Z"""
"""ivan-mischenko""","""lms/locale/hi/LC_MESSAGES/django.po""","""2023-07-04T08:13:54Z"""
"""ivan-mischenko""","""lms/locale/el/LC_MESSAGES/django.po""","""2023-07-04T08:13:54Z"""
"""ivan-mischenko""","""lms/locale/pl/LC_MESSAGES/djangojs.mo""","""2023-07-04T08:13:54Z"""
"""ivan-mischenko""","""lms/locale/fr/LC_MESSAGES/djangojs.mo""","""2023-07-04T08:13:54Z"""
"""ivan-mischenko""","""reporting/templates/import_stepper_form.html""","""2023-07-04T08:13:54Z"""
"""ivan-mischenko""","""lms/locale/da/LC_MESSAGES/djangojs.mo""","""2023-07-04T08:13:54Z"""
"""ivan-mischenko""","""lms/locale/de/LC_MESSAGES/djangojs.mo""","""2023-07-04T08:13:54Z"""
"""ivan-mischenko""","""lms/locale/zh/LC_MESSAGES/django.po""","""2023-07-04T08:13:54Z"""
"""ivan-mischenko""","""lms/locale/et/LC_MESSAGES/django.po""","""2023-07-04T08:13:54Z"""
"""ivan-mischenko""","""lms/locale/zh/LC_MESSAGES/django.mo""","""2023-07-04T08:13:54Z"""
"""ivan-mischenko""","""reporting/templates/import_employees_info_modal.html""","""2023-07-04T08:13:54Z"""
"""ivan-mischenko""","""lms/locale/fr/LC_MESSAGES/djangojs.mo""","""2023-07-04T08:13:54Z"""
"""ivan-mischenko""","""lms/locale/de/LC_MESSAGES/django.po""","""2023-07-04T08:13:54Z"""
"""ivan-mischenko""","""lms/locale/sv/LC_MESSAGES/django.po""","""2023-07-04T08:13:54Z"""
"""ivan-mischenko""","""lms/locale/hi/LC_MESSAGES/django.po""","""2023-07-04T08:13:54Z"""
"""ivan-mischenko""","""lms/locale/th/LC_MESSAGES/django.po""","""2023-07-04T08:13:54Z"""
"""ivan-mischenko""","""lms/locale/da/LC_MESSAGES/django.po""","""2023-07-04T08:13:54Z"""
"""ivan-mischenko""","""lms/locale/pl/LC_MESSAGES/django.po""","""2023-07-04T08:13:54Z"""
"""ivan-mischenko""","""lms/locale/cs/LC_MESSAGES/djangojs.mo""","""2023-07-04T08:13:54Z"""
"""ivan-mischenko""","""lms/locale/vi/LC_MESSAGES/django.po""","""2023-07-04T08:13:54Z"""
"""ivan-mischenko""","""reporting/templates/coursecode_sync_detail.html""","""2023-07-04T08:13:54Z"""
"""ivan-mischenko""","""lms/locale/tr/LC_MESSAGES/djangojs.mo""","""2023-07-04T08:13:54Z"""
"""ivan-mischenko""","""reporting/templates/sync_employees_modal.html""","""2023-07-04T08:13:54Z"""
"""ivan-mischenko""","""lms/locale/th/LC_MESSAGES/djangojs.mo""","""2023-07-04T08:13:54Z"""
"""ivan-mischenko""","""lms/locale/bs/LC_MESSAGES/django.po""","""2023-07-04T08:13:54Z"""
"""ivan-mischenko""","""lms/static/js/validate_form_field_settings.js""","""2023-07-04T08:13:54Z"""
"""ivan-mischenko""","""lms/locale/it/LC_MESSAGES/django.mo""","""2023-07-04T08:13:54Z"""
"""ivan-mischenko""","""lms/locale/zh-CN/LC_MESSAGES/django.mo""","""2023-07-04T08:13:54Z"""
"""ivan-mischenko""","""lms/locale/bg/LC_MESSAGES/djangojs.mo""","""2023-07-04T08:13:54Z"""
"""ivan-mischenko""","""lms/locale/fi/LC_MESSAGES/django.mo""","""2023-07-04T08:13:54Z"""
"""ivan-mischenko""","""company/tasks.py""","""2023-07-04T08:13:54Z"""
"""ivan-mischenko""","""lms/locale/ar-ae/LC_MESSAGES/djangojs.mo""","""2023-07-04T08:13:54Z"""
"""ivan-mischenko""","""lms/locale/ar-ae/LC_MESSAGES/django.po""","""2023-07-04T08:13:54Z"""
"""ivan-mischenko""","""lms/locale/id/LC_MESSAGES/django.po""","""2023-07-04T08:13:54Z"""
"""ivan-mischenko""","""lms/locale/fi/LC_MESSAGES/django.mo""","""2023-07-04T08:13:54Z"""
"""ivan-mischenko""","""lms/locale/uk/LC_MESSAGES/django.mo""","""2023-07-04T08:13:54Z"""
"""ivan-mischenko""","""lms/locale/lt/LC_MESSAGES/django.po""","""2023-07-04T08:13:54Z"""
"""ivan-mischenko""","""lms/locale/et/LC_MESSAGES/django.mo""","""2023-07-04T08:13:54Z"""
"""ivan-mischenko""","""lms/locale/tr/LC_MESSAGES/djangojs.mo""","""2023-07-04T08:13:54Z"""
"""ivan-mischenko""","""lms/locale/pl/LC_MESSAGES/django.po""","""2023-07-04T08:13:54Z"""
"""ivan-mischenko""","""company/admin.py""","""2023-07-04T08:13:54Z"""
"""ivan-mischenko""","""lms/locale/nl/LC_MESSAGES/django.po""","""2023-07-04T08:13:54Z"""
"""ivan-mischenko""","""lms/locale/sk/LC_MESSAGES/djangojs.mo""","""2023-07-04T08:13:54Z"""
"""ivan-mischenko""","""lms/locale/uk/LC_MESSAGES/django.po""","""2023-07-04T08:13:54Z"""
"""ivan-mischenko""","""lms/locale/nl/LC_MESSAGES/django.mo""","""2023-07-04T08:13:54Z"""
"""ivan-mischenko""","""lms/locale/id/LC_MESSAGES/djangojs.po""","""2023-07-04T08:13:54Z"""
"""ivan-mischenko""","""lms/locale/lt/LC_MESSAGES/djangojs.mo""","""2023-07-04T08:13:54Z"""
"""ivan-mischenko""","""lms/locale/ja/LC_MESSAGES/django.mo""","""2023-07-04T08:13:54Z"""
"""ivan-mischenko""","""company/migrations/0024_merge_0020_auto_20230406_0802_0023_auto_20230606_1103.py""","""2023-07-04T08:13:54Z"""
"""ivan-mischenko""","""lms/locale/el/LC_MESSAGES/django.po""","""2023-07-04T08:13:54Z"""
"""ivan-mischenko""","""reporting/templates/reporting_base.html""","""2023-07-04T08:13:54Z"""
"""ivan-mischenko""","""lms/locale/ja/LC_MESSAGES/django.po""","""2023-07-04T08:13:54Z"""
"""ivan-mischenko""","""lms/locale/hu/LC_MESSAGES/django.po""","""2023-07-04T08:13:54Z"""
"""ivan-mischenko""","""lms/locale/sk/LC_MESSAGES/django.mo""","""2023-07-04T08:13:54Z"""
"""ivan-mischenko""","""lms/locale/es/LC_MESSAGES/django.po""","""2023-07-04T08:13:54Z"""
"""ivan-mischenko""","""reporting/views.py""","""2023-07-04T08:13:54Z"""
"""ivan-mischenko""","""reporting/templates/coursecode_detail.html""","""2023-07-04T08:13:54Z"""
"""ivan-mischenko""","""lms/locale/ja/LC_MESSAGES/djangojs.mo""","""2023-07-04T08:13:54Z"""
"""ivan-mischenko""","""lms/locale/nl/LC_MESSAGES/django.po""","""2023-07-04T08:13:54Z"""
"""ivan-mischenko""","""lms/locale/pl/LC_MESSAGES/django.mo""","""2023-07-04T08:13:54Z"""
"""ivan-mischenko""","""lms/locale/zh-CN/LC_MESSAGES/django.mo""","""2023-07-04T08:13:54Z"""
"""ivan-mischenko""","""lms/locale/it/LC_MESSAGES/django.mo""","""2023-07-04T08:13:54Z"""
"""ivan-mischenko""","""lms/locale/ro/LC_MESSAGES/djangojs.mo""","""2023-07-04T08:13:54Z"""
"""ivan-mischenko""","""lms/locale/ja/LC_MESSAGES/django.mo""","""2023-07-04T08:13:54Z"""
"""ivan-mischenko""","""reporting/templates/coursecode_detail.html""","""2023-07-04T08:13:54Z"""
"""ivan-mischenko""","""lms/locale/sk/LC_MESSAGES/djangojs.mo""","""2023-07-04T08:13:54Z"""
"""ivan-mischenko""","""reporting/templates/import_employees_info_modal.html""","""2023-07-04T08:13:54Z"""
"""ivan-mischenko""","""apis/views.py""","""2023-07-04T08:13:54Z"""
"""ivan-mischenko""","""lms/locale/pl/LC_MESSAGES/django.mo""","""2023-07-04T08:13:54Z"""
"""ivan-mischenko""","""company/tasks.py""","""2023-07-04T08:13:54Z"""
"""ivan-mischenko""","""lms/locale/ro/LC_MESSAGES/django.po""","""2023-07-04T08:13:54Z"""
"""ivan-mischenko""","""lms/locale/sk/LC_MESSAGES/django.po""","""2023-07-04T08:13:54Z"""
"""ivan-mischenko""","""lms/locale/fi/LC_MESSAGES/django.po""","""2023-07-04T08:13:54Z"""
"""ivan-mischenko""","""company/migrations/0020_auto_20230406_0802.py""","""2023-07-04T08:13:54Z"""
"""ivan-mischenko""","""lms/locale/uk/LC_MESSAGES/django.mo""","""2023-07-04T08:13:54Z"""
"""ivan-mischenko""","""lms/locale/vi/LC_MESSAGES/djangojs.mo""","""2023-07-04T08:13:54Z"""
"""ivan-mischenko""","""lms/locale/it/LC_MESSAGES/djangojs.mo""","""2023-07-04T08:13:54Z"""
"""ivan-mischenko""","""lms/locale/hr/LC_MESSAGES/django.po""","""2023-07-04T08:13:54Z"""
"""ivan-mischenko""","""lms/locale/es/LC_MESSAGES/django.po""","""2023-07-04T08:13:54Z"""
"""ivan-mischenko""","""lms/locale/id/LC_MESSAGES/django.mo""","""2023-07-04T08:13:54Z"""
"""ivan-mischenko""","""lms/locale/hu/LC_MESSAGES/djangojs.mo""","""2023-07-04T08:13:54Z"""
"""ivan-mischenko""","""lms/locale/hu/LC_MESSAGES/django.mo""","""2023-07-04T08:13:54Z"""
"""ivan-mischenko""","""lms/locale/bs/LC_MESSAGES/djangojs.mo""","""2023-07-04T08:13:54Z"""
"""ivan-mischenko""","""lms/locale/de/LC_MESSAGES/djangojs.mo""","""2023-07-04T08:13:54Z"""
"""ivan-mischenko""","""reporting/templates/sync_employees_modal.html""","""2023-07-04T08:13:54Z"""
"""ivan-mischenko""","""lms/locale/pt/LC_MESSAGES/djangojs.mo""","""2023-07-04T08:13:54Z"""
"""ivan-mischenko""","""lms/locale/zh-CN/LC_MESSAGES/djangojs.mo""","""2023-07-04T08:13:54Z"""
"""ivan-mischenko""","""lms/locale/uk/LC_MESSAGES/djangojs.mo""","""2023-07-04T08:13:54Z"""
"""ivan-mischenko""","""lms/locale/bs/LC_MESSAGES/djangojs.mo""","""2023-07-04T08:13:54Z"""
"""ivan-mischenko""","""lms/locale/tr/LC_MESSAGES/django.po""","""2023-07-04T08:13:54Z"""
"""ivan-mischenko""","""lms/locale/ru/LC_MESSAGES/django.mo""","""2023-07-04T08:13:54Z"""
"""ivan-mischenko""","""lms/locale/de/LC_MESSAGES/django.mo""","""2023-07-04T08:13:54Z"""
"""ivan-mischenko""","""lms/locale/fi/LC_MESSAGES/djangojs.mo""","""2023-07-04T08:13:54Z"""
"""ivan-mischenko""","""company/migrations/0020_auto_20230406_0802.py""","""2023-07-04T08:13:54Z"""
"""ivan-mischenko""","""lms/locale/sl/LC_MESSAGES/django.mo""","""2023-07-04T08:13:54Z"""
"""ivan-mischenko""","""lms/locale/sv/LC_MESSAGES/django.mo""","""2023-07-04T08:13:54Z"""
"""ivan-mischenko""","""lms/locale/ro/LC_MESSAGES/django.mo""","""2023-07-04T08:13:54Z"""
"""ivan-mischenko""","""lms/locale/sl/LC_MESSAGES/django.po""","""2023-07-04T08:13:54Z"""
"""ivan-mischenko""","""lms/locale/pt/LC_MESSAGES/djangojs.mo""","""2023-07-04T08:13:54Z"""
"""ivan-mischenko""","""lms/locale/sk/LC_MESSAGES/django.mo""","""2023-07-04T08:13:54Z"""
"""ivan-mischenko""","""lms/locale/vi/LC_MESSAGES/django.po""","""2023-07-04T08:13:54Z"""
"""ivan-mischenko""","""lms/locale/zh-CN/LC_MESSAGES/djangojs.mo""","""2023-07-04T08:13:54Z"""
"""ivan-mischenko""","""company/models.py""","""2023-07-04T08:13:54Z"""
"""ivan-mischenko""","""lms/locale/uk/LC_MESSAGES/django.po""","""2023-07-04T08:13:54Z"""
"""ivan-mischenko""","""company/forms.py""","""2023-07-04T08:13:54Z"""
"""ivan-mischenko""","""lms/locale/hu/LC_MESSAGES/django.po""","""2023-07-04T08:13:54Z"""
"""ivan-mischenko""","""lms/locale/cs/LC_MESSAGES/django.mo""","""2023-07-04T08:13:54Z"""
"""ivan-mischenko""","""reporting/templates/coursecode_sync_detail.html""","""2023-07-04T08:13:54Z"""
"""ivan-mischenko""","""company/forms.py""","""2023-07-04T08:13:54Z"""
"""ivan-mischenko""","""lms/locale/et/LC_MESSAGES/django.po""","""2023-07-04T08:13:54Z"""
"""ivan-mischenko""","""lms/locale/pt/LC_MESSAGES/django.mo""","""2023-07-04T08:13:54Z"""
"""ivan-mischenko""","""lms/locale/tr/LC_MESSAGES/django.mo""","""2023-07-04T08:13:54Z"""
"""ivan-mischenko""","""lms/locale/ro/LC_MESSAGES/django.po""","""2023-07-04T08:13:54Z"""
"""ivan-mischenko""","""lms/locale/hi/LC_MESSAGES/djangojs.mo""","""2023-07-04T08:13:54Z"""
"""ivan-mischenko""","""lms/locale/ar-ae/LC_MESSAGES/djangojs.mo""","""2023-07-04T08:13:54Z"""
"""ivan-mischenko""","""lms/locale/it/LC_MESSAGES/djangojs.mo""","""2023-07-04T08:13:54Z"""
"""ivan-mischenko""","""lms/locale/id/LC_MESSAGES/djangojs.mo""","""2023-07-04T08:13:54Z"""
"""ivan-mischenko""","""lms/locale/en/LC_MESSAGES/django.po""","""2023-07-04T08:13:54Z"""
"""ivan-mischenko""","""lms/locale/ar/LC_MESSAGES/django.po""","""2023-07-04T08:13:54Z"""
"""ivan-mischenko""","""lms/locale/ro/LC_MESSAGES/djangojs.mo""","""2023-07-04T08:13:54Z"""
"""ivan-mischenko""","""lms/locale/zh/LC_MESSAGES/django.mo""","""2023-07-04T08:13:54Z"""
"""ivan-mischenko""","""lms/locale/hr/LC_MESSAGES/djangojs.mo""","""2023-07-04T08:13:54Z"""
"""ivan-mischenko""","""lms/locale/fr/LC_MESSAGES/django.mo""","""2023-07-04T08:13:54Z"""
"""ivan-mischenko""","""apis/urls.py""","""2023-07-04T08:13:54Z"""
"""ivan-mischenko""","""lms/locale/lt/LC_MESSAGES/django.mo""","""2023-07-04T08:13:54Z"""
"""ivan-mischenko""","""lms/locale/th/LC_MESSAGES/django.mo""","""2023-07-04T08:13:54Z"""
"""ivan-mischenko""","""lms/locale/zh/LC_MESSAGES/djangojs.mo""","""2023-07-04T08:13:54Z"""
"""ivan-mischenko""","""lms/locale/es/LC_MESSAGES/djangojs.mo""","""2023-07-04T08:13:54Z"""
"""ivan-mischenko""","""lms/locale/sl/LC_MESSAGES/djangojs.mo""","""2023-07-04T08:13:54Z"""
"""ivan-mischenko""","""lms/locale/ar-ae/LC_MESSAGES/django.mo""","""2023-07-04T08:13:54Z"""
"""ivan-mischenko""","""lms/locale/pt/LC_MESSAGES/django.mo""","""2023-07-04T08:13:54Z"""
"""ivan-mischenko""","""lms/locale/id/LC_MESSAGES/djangojs.mo""","""2023-07-04T08:13:54Z"""
"""ivan-mischenko""","""lms/locale/bg/LC_MESSAGES/django.mo""","""2023-07-04T08:13:54Z"""
"""ivan-mischenko""","""lms/locale/cs/LC_MESSAGES/django.po""","""2023-07-04T08:13:54Z"""
"""ivan-mischenko""","""company/migrations/0025_formfieldsetting__is_used_for_sync.py""","""2023-07-04T08:13:54Z"""
"""ivan-mischenko""","""lms/locale/hr/LC_MESSAGES/django.mo""","""2023-07-04T08:13:54Z"""
"""ivan-mischenko""","""lms/locale/ja/LC_MESSAGES/djangojs.mo""","""2023-07-04T08:13:54Z"""
"""ivan-mischenko""","""lms/locale/el/LC_MESSAGES/django.mo""","""2023-07-04T08:13:54Z"""
"""ivan-mischenko""","""lms/locale/en/LC_MESSAGES/django.mo""","""2023-07-04T08:13:54Z"""
"""ivan-mischenko""","""company/utils.py""","""2023-07-04T08:13:54Z"""
"""ivan-mischenko""","""lms/locale/de/LC_MESSAGES/django.mo""","""2023-07-04T08:13:54Z"""
"""ivan-mischenko""","""lms/locale/sk/LC_MESSAGES/django.po""","""2023-07-04T08:13:54Z"""
"""ivan-mischenko""","""lms/locale/da/LC_MESSAGES/django.mo""","""2023-07-04T08:13:54Z"""
"""ivan-mischenko""","""lms/locale/cs/LC_MESSAGES/django.mo""","""2023-07-04T08:13:54Z"""
"""ivan-mischenko""","""lms/locale/sv/LC_MESSAGES/django.po""","""2023-07-04T08:13:54Z"""
"""ivan-mischenko""","""lms/locale/ar-ae/LC_MESSAGES/django.po""","""2023-07-04T08:13:54Z"""
"""ivan-mischenko""","""company/utils.py""","""2023-07-04T08:13:54Z"""
"""ivan-mischenko""","""lms/locale/ru/LC_MESSAGES/djangojs.mo""","""2023-07-04T08:13:54Z"""
"""ivan-mischenko""","""apis/views.py""","""2023-07-04T08:13:54Z"""
"""ivan-mischenko""","""company/migrations/0024_merge_0020_auto_20230406_0802_0023_auto_20230606_1103.py""","""2023-07-04T08:13:54Z"""
"""ivan-mischenko""","""lms/locale/fi/LC_MESSAGES/django.po""","""2023-07-04T08:13:54Z"""
"""ivan-mischenko""","""lms/locale/ar/LC_MESSAGES/django.po""","""2023-07-04T08:13:54Z"""
"""ivan-mischenko""","""lms/locale/da/LC_MESSAGES/django.po""","""2023-07-04T08:13:54Z"""
"""ivan-mischenko""","""lms/locale/ko/LC_MESSAGES/djangojs.mo""","""2023-07-04T08:13:54Z"""
"""ivan-mischenko""","""lms/locale/sl/LC_MESSAGES/djangojs.mo""","""2023-07-04T08:13:54Z"""
"""ivan-mischenko""","""lms/locale/da/LC_MESSAGES/djangojs.mo""","""2023-07-04T08:13:54Z"""
"""ivan-mischenko""","""lms/locale/fr/LC_MESSAGES/django.po""","""2023-07-04T08:13:54Z"""
"""ivan-mischenko""","""reporting/urls.py""","""2023-07-04T08:13:54Z"""
"""ivan-mischenko""","""lms/locale/hi/LC_MESSAGES/django.mo""","""2023-07-04T08:13:54Z"""
"""ivan-mischenko""","""lms/locale/hu/LC_MESSAGES/django.mo""","""2023-07-04T08:13:54Z"""
"""ivan-mischenko""","""lms/locale/cs/LC_MESSAGES/django.po""","""2023-07-04T08:13:54Z"""
"""ivan-mischenko""","""apis/urls.py""","""2023-07-04T08:13:54Z"""
"""ivan-mischenko""","""reporting/templates/import_stepper_form.html""","""2023-07-04T08:13:54Z"""
"""ivan-mischenko""","""reporting/views.py""","""2023-07-04T08:13:54Z"""
"""ivan-mischenko""","""lms/locale/ko/LC_MESSAGES/django.po""","""2023-07-04T08:13:54Z"""
"""ivan-mischenko""","""lms/locale/lt/LC_MESSAGES/djangojs.mo""","""2023-07-04T08:13:54Z"""
"""ivan-mischenko""","""lms/locale/de/LC_MESSAGES/django.po""","""2023-07-04T08:13:54Z"""
"""ivan-mischenko""","""lms/locale/hu/LC_MESSAGES/djangojs.mo""","""2023-07-04T08:13:54Z"""
"""ivan-mischenko""","""lms/locale/sv/LC_MESSAGES/djangojs.mo""","""2023-07-04T08:13:54Z"""
"""ivan-mischenko""","""lms/locale/ko/LC_MESSAGES/django.po""","""2023-07-04T08:13:54Z"""
"""ivan-mischenko""","""lms/locale/it/LC_MESSAGES/django.po""","""2023-07-04T08:13:54Z"""
"""ivan-mischenko""","""lms/locale/bs/LC_MESSAGES/django.mo""","""2023-07-04T08:13:54Z"""
"""ivan-mischenko""","""lms/locale/nl/LC_MESSAGES/djangojs.mo""","""2023-07-04T08:13:54Z"""
"""ivan-mischenko""","""lms/locale/en/LC_MESSAGES/djangojs.mo""","""2023-07-04T08:13:54Z"""
"""ivan-mischenko""","""lms/locale/hi/LC_MESSAGES/django.mo""","""2023-07-04T08:13:54Z"""
"""ivan-mischenko""","""lms/locale/ar-ae/LC_MESSAGES/django.mo""","""2023-07-04T08:13:54Z"""
"""ivan-mischenko""","""lms/locale/uk/LC_MESSAGES/djangojs.mo""","""2023-07-04T08:13:54Z"""
"""ivan-mischenko""","""lms/locale/hr/LC_MESSAGES/djangojs.mo""","""2023-07-04T08:13:54Z"""
"""ivan-mischenko""","""lms/locale/nl/LC_MESSAGES/django.mo""","""2023-07-04T08:13:54Z"""
"""ivan-mischenko""","""reporting/templates/sync_stepper_form.html""","""2023-07-04T08:13:54Z"""
"""ivan-mischenko""","""reporting/urls.py""","""2023-07-04T08:13:54Z"""
"""ivan-mischenko""","""reporting/templates/reporting_base.html""","""2023-07-04T08:13:54Z"""
"""ivan-mischenko""","""lms/locale/bg/LC_MESSAGES/django.mo""","""2023-07-04T08:13:54Z"""
"""ivan-mischenko""","""lms/locale/vi/LC_MESSAGES/django.mo""","""2023-07-04T08:13:54Z"""
"""ivan-mischenko""","""lms/locale/el/LC_MESSAGES/django.mo""","""2023-07-04T08:13:54Z"""
"""ivan-mischenko""","""company/admin.py""","""2023-07-04T08:13:54Z"""
"""ivan-mischenko""","""lms/locale/es/LC_MESSAGES/django.mo""","""2023-07-04T08:13:54Z"""
"""ivan-mischenko""","""lms/locale/da/LC_MESSAGES/django.mo""","""2023-07-04T08:13:54Z"""
"""ivan-mischenko""","""lms/locale/id/LC_MESSAGES/django.po""","""2023-07-04T08:13:54Z"""
"""ivan-mischenko""","""lms/locale/ro/LC_MESSAGES/django.mo""","""2023-07-04T08:13:54Z"""
"""ivan-mischenko""","""lms/locale/fi/LC_MESSAGES/djangojs.mo""","""2023-07-04T08:13:54Z"""
"""ivan-mischenko""","""lms/locale/en/LC_MESSAGES/djangojs.mo""","""2023-07-04T08:13:54Z"""
"""ivan-mischenko""","""lms/locale/hi/LC_MESSAGES/djangojs.mo""","""2023-07-04T08:13:54Z"""
"""ivan-mischenko""","""lms/locale/pt/LC_MESSAGES/django.po""","""2023-07-04T08:13:54Z"""
"""ivan-mischenko""","""lms/locale/bg/LC_MESSAGES/django.po""","""2023-07-04T08:13:54Z"""
"""ivan-mischenko""","""lms/locale/bg/LC_MESSAGES/django.po""","""2023-07-04T08:13:54Z"""
"""ivan-mischenko""","""lms/locale/es/LC_MESSAGES/djangojs.mo""","""2023-07-04T08:13:54Z"""
"""ivan-mischenko""","""lms/locale/zh/LC_MESSAGES/django.po""","""2023-07-04T08:13:54Z"""
"""ivan-mischenko""","""lms/locale/ar/LC_MESSAGES/djangojs.mo""","""2023-07-04T08:13:54Z"""
"""ivan-mischenko""","""lms/locale/tr/LC_MESSAGES/django.mo""","""2023-07-04T08:13:54Z"""
"""ivan-mischenko""","""lms/locale/ko/LC_MESSAGES/djangojs.mo""","""2023-07-04T08:13:54Z"""
"""ivan-mischenko""","""lms/locale/en/LC_MESSAGES/django.mo""","""2023-07-04T08:13:54Z"""
"""ivan-mischenko""","""lms/locale/zh-CN/LC_MESSAGES/django.po""","""2023-07-04T08:13:54Z"""
"""ivan-mischenko""","""lms/locale/ru/LC_MESSAGES/django.po""","""2023-07-04T08:13:54Z"""
"""ivan-mischenko""","""lms/static/js/validate_form_field_settings.js""","""2023-07-04T08:13:54Z"""
"""ivan-mischenko""","""lms/locale/sl/LC_MESSAGES/django.po""","""2023-07-04T08:13:54Z"""
"""ivan-mischenko""","""lms/locale/vi/LC_MESSAGES/djangojs.mo""","""2023-07-04T08:13:54Z"""
"""ivan-mischenko""","""lms/locale/et/LC_MESSAGES/djangojs.mo""","""2023-07-04T08:13:54Z"""
"""ivan-mischenko""","""lms/locale/bs/LC_MESSAGES/django.mo""","""2023-07-04T08:13:54Z"""
"""ivan-mischenko""","""lms/locale/fr/LC_MESSAGES/django.mo""","""2023-07-04T08:13:54Z"""
"""ivan-mischenko""","""lms/locale/ko/LC_MESSAGES/django.mo""","""2023-07-04T08:13:54Z"""
"""ivan-mischenko""","""lms/locale/fr/LC_MESSAGES/django.po""","""2023-07-04T08:13:54Z"""
"""ivan-mischenko""","""lms/locale/id/LC_MESSAGES/django.mo""","""2023-07-04T08:13:54Z"""
"""ivan-mischenko""","""lms/locale/zh/LC_MESSAGES/djangojs.mo""","""2023-07-04T08:13:54Z"""
"""ivan-mischenko""","""lms/locale/et/LC_MESSAGES/djangojs.mo""","""2023-07-04T08:13:54Z"""
"""ivan-mischenko""","""lms/locale/th/LC_MESSAGES/django.mo""","""2023-07-04T08:13:54Z"""
"""ivan-mischenko""","""company/models.py""","""2023-07-04T08:13:54Z"""
"""ivan-mischenko""","""lms/locale/lt/LC_MESSAGES/django.mo""","""2023-07-04T08:13:54Z"""
"""ivan-mischenko""","""lms/locale/ru/LC_MESSAGES/django.po""","""2023-07-04T08:13:54Z"""
"""ivan-mischenko""","""lms/static/js/sidebar_render.js""","""2023-07-04T08:45:56Z"""
"""ivan-mischenko""","""lms/static/js/sidebar_render.js""","""2023-07-04T08:45:56Z"""
"""ivan-mischenko""","""reporting/views.py""","""2023-07-04T08:45:56Z"""
"""ivan-mischenko""","""reporting/views.py""","""2023-07-04T08:45:56Z"""
"""ivan-mischenko""","""reporting/views.py""","""2023-07-04T08:45:56Z"""
"""ivan-mischenko""","""reporting/views.py""","""2023-07-04T08:45:56Z"""
"""ivan-mischenko""","""lms/static/js/sidebar_render.js""","""2023-07-04T08:45:56Z"""
"""ivan-mischenko""","""lms/static/js/sidebar_render.js""","""2023-07-04T08:45:56Z"""
"""ivan-mischenko""","""lms/locale/no/LC_MESSAGES/django.po""","""2023-07-05T09:18:30Z"""
"""ivan-mischenko""","""lms/locale/cs/LC_MESSAGES/django.po""","""2023-07-05T09:18:30Z"""
"""ivan-mischenko""","""lms/locale/el/LC_MESSAGES/django.po""","""2023-07-05T09:18:30Z"""
"""ivan-mischenko""","""lms/locale/ua/LC_MESSAGES/django.po""","""2023-07-05T09:18:30Z"""
"""ivan-mischenko""","""lms/locale/es/LC_MESSAGES/django.po""","""2023-07-05T09:18:30Z"""
"""ivan-mischenko""","""lms/locale/sl/LC_MESSAGES/django.po""","""2023-07-05T09:18:30Z"""
"""ivan-mischenko""","""lms/locale/ja/LC_MESSAGES/django.po""","""2023-07-05T09:18:30Z"""
"""ivan-mischenko""","""lms/locale/lv/LC_MESSAGES/django.po""","""2023-07-05T09:18:30Z"""
"""ivan-mischenko""","""lms/locale/sk/LC_MESSAGES/django.po""","""2023-07-05T09:18:30Z"""
"""ivan-mischenko""","""lms/locale/hu/LC_MESSAGES/django.po""","""2023-07-05T09:18:30Z"""
"""ivan-mischenko""","""lms/locale/zh/LC_MESSAGES/django.po""","""2023-07-05T09:18:30Z"""
"""ivan-mischenko""","""lms/locale/en/LC_MESSAGES/django.mo""","""2023-07-05T09:18:30Z"""
"""ivan-mischenko""","""lms/locale/ru/LC_MESSAGES/django.po""","""2023-07-05T09:18:30Z"""
"""ivan-mischenko""","""lms/locale/uk/LC_MESSAGES/django.po""","""2023-07-05T09:18:30Z"""
"""ivan-mischenko""","""lms/locale/ar/LC_MESSAGES/django.po""","""2023-07-05T09:18:30Z"""
"""ivan-mischenko""","""lms/locale/ko/LC_MESSAGES/django.po""","""2023-07-05T09:18:30Z"""
"""ivan-mischenko""","""lms/locale/it/LC_MESSAGES/django.po""","""2023-07-05T09:18:30Z"""
"""ivan-mischenko""","""lms/locale/et/LC_MESSAGES/django.po""","""2023-07-05T09:18:30Z"""
"""ivan-mischenko""","""lms/locale/th/LC_MESSAGES/django.po""","""2023-07-05T09:18:30Z"""
"""ivan-mischenko""","""lms/locale/fr/LC_MESSAGES/django.po""","""2023-07-05T09:18:30Z"""
"""ivan-mischenko""","""lms/locale/sv/LC_MESSAGES/django.po""","""2023-07-05T09:18:30Z"""
"""ivan-mischenko""","""lms/locale/en/LC_MESSAGES/django.po""","""2023-07-05T09:18:30Z"""
"""ivan-mischenko""","""lms/locale/de/LC_MESSAGES/django.po""","""2023-07-05T09:18:30Z"""
"""ivan-mischenko""","""lms/locale/vi/LC_MESSAGES/django.po""","""2023-07-05T09:18:30Z"""
"""ivan-mischenko""","""lms/locale/zh-CN/LC_MESSAGES/django.po""","""2023-07-05T09:18:30Z"""
"""ivan-mischenko""","""lms/locale/pl/LC_MESSAGES/django.po""","""2023-07-05T09:18:30Z"""
"""ivan-mischenko""","""lms/locale/id/LC_MESSAGES/django.po""","""2023-07-05T09:18:30Z"""
"""ivan-mischenko""","""lms/locale/sr/LC_MESSAGES/django.po""","""2023-07-05T09:18:30Z"""
"""ivan-mischenko""","""lms/locale/hr/LC_MESSAGES/django.po""","""2023-07-05T09:18:30Z"""
"""ivan-mischenko""","""lms/locale/pt/LC_MESSAGES/django.po""","""2023-07-05T09:18:30Z"""
"""ivan-mischenko""","""lms/locale/jp/LC_MESSAGES/django.po""","""2023-07-05T09:18:30Z"""
"""ivan-mischenko""","""lms/locale/ro/LC_MESSAGES/django.po""","""2023-07-05T09:18:30Z"""
"""ivan-mischenko""","""lms/locale/bs/LC_MESSAGES/django.po""","""2023-07-05T09:18:30Z"""
"""ivan-mischenko""","""lms/locale/nl/LC_MESSAGES/django.po""","""2023-07-05T09:18:30Z"""
"""ivan-mischenko""","""lms/locale/fi/LC_MESSAGES/django.po""","""2023-07-05T09:18:30Z"""
"""ivan-mischenko""","""lms/locale/ar-ae/LC_MESSAGES/django.po""","""2023-07-05T09:18:30Z"""
"""ivan-mischenko""","""lms/locale/bg/LC_MESSAGES/django.po""","""2023-07-05T09:18:30Z"""
"""ivan-mischenko""","""lms/locale/lt/LC_MESSAGES/django.po""","""2023-07-05T09:18:30Z"""
"""ivan-mischenko""","""reporting/views.py""","""2023-07-05T09:18:30Z"""
"""ivan-mischenko""","""lms/locale/hi/LC_MESSAGES/django.po""","""2023-07-05T09:18:30Z"""
"""ivan-mischenko""","""lms/locale/da/LC_MESSAGES/django.po""","""2023-07-05T09:18:30Z"""
"""ivan-mischenko""","""lms/locale/tr/LC_MESSAGES/django.po""","""2023-07-05T09:18:30Z"""
"""ivan-mischenko""","""reporting/views.py""","""2023-07-05T10:38:38Z"""
"""ivan-mischenko""","""lms/static/js/reporting_render_tables.js""","""2023-07-05T12:02:58Z"""
"""ivan-mischenko""","""lms/static/js/reporting_render_tables.js""","""2023-07-05T13:06:18Z"""
"""ivan-mischenko""","""lms/static/js/reporting_render_tables.js""","""2023-07-05T13:06:18Z"""
"""ivan-mischenko""","""lms/static/js/reporting_render_tables.js""","""2023-07-05T13:06:18Z"""
"""ivan-mischenko""","""lms/static/js/reporting_render_tables.js""","""2023-07-05T13:06:18Z"""
"""ivan-mischenko""","""Makefile""","""2023-07-06T10:44:20Z"""
"""ivan-mischenko""",""".test.env""","""2023-07-06T10:44:20Z"""
"""ivan-mischenko""","""docker-compose.yml""","""2023-07-06T10:44:20Z"""
"""ivan-mischenko""",""".env.example""","""2023-07-06T10:44:20Z"""
"""ivan-mischenko""","""company/tasks.py""","""2023-07-10T13:21:11Z"""
"""ivan-mischenko""","""reporting/templates/coursecode_sync_detail.html""","""2023-07-10T13:21:11Z"""
"""ivan-mischenko""","""reporting/templates/sync_stepper_form.html""","""2023-07-10T13:43:32Z"""